user_id,nome,email,estado,data_cadastro
1,Usuario_1,usuario_1@email.com,RJ,2026-04-23
2,Usuario_2,usuario_2@email.com,SP,2026-04-15
3,Usuario_3,usuario_3@email.com,PR,2025-11-18
4,Usuario_4,usuario_4@email.com,RS,2025-11-22
5,Usuario_5,usuario_5@email.com,RS,2025-10-12
6,Usuario_6,usuario_6@email.com,MG,2026-01-07
7,Usuario_7,usuario_7@email.com,RJ,2026-06-30
8,Usuario_8,usuario_8@email.com,CE,2026-01-29
9,Usuario_9,usuario_9@email.com,RJ,2025-12-13
10,Usuario_10,usuario_10@email.com,GO,2026-01-10
11,Usuario_11,usuario_11@email.com,SC,2026-03-22
12,Usuario_12,usuario_12@email.com,SP,2026-03-28
13,Usuario_13,usuario_13@email.com,SP,2025-12-06
14,Usuario_14,usuario_14@email.com,RJ,2025-12-10
15,Usuario_15,usuario_15@email.com,RS,2026-03-05
16,Usuario_16,usuario_16@email.com,RS,2026-01-24
17,Usuario_17,usuario_17@email.com,CE,2026-04-03
18,Usuario_18,usuario_18@email.com,GO,2026-06-10
19,Usuario_19,usuario_19@email.com,SP,2025-09-22
20,Usuario_20,usuario_20@email.com,CE,2026-05-15
21,Usuario_21,usuario_21@email.com,RS,2025-11-26
22,Usuario_22,usuario_22@email.com,CE,2026-03-02
23,Usuario_23,usuario_23@email.com,SC,2026-05-18
24,Usuario_24,usuario_24@email.com,RS,2026-02-16
25,Usuario_25,usuario_25@email.com,PE,2026-08-23
26,Usuario_26,usuario_26@email.com,GO,2026-04-05
27,Usuario_27,usuario_27@email.com,PR,2026-01-15
28,Usuario_28,usuario_28@email.com,SP,2025-09-18
29,Usuario_29,usuario_29@email.com,MG,2026-03-03
30,Usuario_30,usuario_30@email.com,SC,2026-03-01
31,Usuario_31,usuario_31@email.com,BA,2025-10-10
32,Usuario_32,usuario_32@email.com,PR,2025-10-16
33,Usuario_33,usuario_33@email.com,MG,2026-06-29
34,Usuario_34,usuario_34@email.com,RS,2026-01-04
35,Usuario_35,usuario_35@email.com,BA,2026-08-27
36,Usuario_36,usuario_36@email.com,RJ,2026-07-12
37,Usuario_37,usuario_37@email.com,RJ,2025-12-31
38,Usuario_38,usuario_38@email.com,SC,2025-11-16
39,Usuario_39,usuario_39@email.com,RJ,2026-03-29
40,Usuario_40,usuario_40@email.com,BA,2026-07-25
41,Usuario_41,usuario_41@email.com,BA,2026-02-01
42,Usuario_42,usuario_42@email.com,GO,2026-07-25
43,Usuario_43,usuario_43@email.com,PR,2025-12-19
44,Usuario_44,usuario_44@email.com,SP,2026-01-24
45,Usuario_45,usuario_45@email.com,PE,2026-09-07
46,Usuario_46,usuario_46@email.com,CE,2026-07-03
47,Usuario_47,usuario_47@email.com,RJ,2026-02-17
48,Usuario_48,usuario_48@email.com,SC,2025-10-14
49,Usuario_49,usuario_49@email.com,RJ,2026-06-27
50,Usuario_50,usuario_50@email.com,CE,2026-08-07
51,Usuario_51,usuario_51@email.com,PR,2026-01-17
52,Usuario_52,usuario_52@email.com,GO,2026-05-02
53,Usuario_53,usuario_53@email.com,BA,2026-03-25
54,Usuario_54,usuario_54@email.com,GO,2025-10-30
55,Usuario_55,usuario_55@email.com,RS,2025-09-25
56,Usuario_56,usuario_56@email.com,RJ,2026-02-23
57,Usuario_57,usuario_57@email.com,SP,2025-10-17
58,Usuario_58,usuario_58@email.com,RS,2026-08-04
59,Usuario_59,usuario_59@email.com,PR,2026-03-30
60,Usuario_60,usuario_60@email.com,RJ,2025-10-04
61,Usuario_61,usuario_61@email.com,RS,2025-12-15
62,Usuario_62,usuario_62@email.com,RJ,2026-03-04
63,Usuario_63,usuario_63@email.com,SC,2026-04-05
64,Usuario_64,usuario_64@email.com,PR,2025-10-29
65,Usuario_65,usuario_65@email.com,PE,2026-01-08
66,Usuario_66,usuario_66@email.com,BA,2025-12-11
67,Usuario_67,usuario_67@email.com,MG,2026-08-27
68,Usuario_68,usuario_68@email.com,BA,2025-11-02
69,Usuario_69,usuario_69@email.com,BA,2026-08-10
70,Usuario_70,usuario_70@email.com,RS,2026-05-17
71,Usuario_71,usuario_71@email.com,PR,2025-10-26
72,Usuario_72,usuario_72@email.com,RJ,2025-09-29
73,Usuario_73,usuario_73@email.com,GO,2026-04-20
74,Usuario_74,usuario_74@email.com,MG,2026-05-21
75,Usuario_75,usuario_75@email.com,CE,2026-07-30
76,Usuario_76,usuario_76@email.com,RS,2026-02-04
77,Usuario_77,usuario_77@email.com,MG,2026-07-26
78,Usuario_78,usuario_78@email.com,PE,2025-10-25
79,Usuario_79,usuario_79@email.com,SC,2025-09-19
80,Usuario_80,usuario_80@email.com,PR,2026-07-25
81,Usuario_81,usuario_81@email.com,CE,2026-01-30
82,Usuario_82,usuario_82@email.com,RS,2026-06-21
83,Usuario_83,usuario_83@email.com,BA,2025-09-24
84,Usuario_84,usuario_84@email.com,SP,2026-04-14
85,Usuario_85,usuario_85@email.com,RS,2026-08-31
86,Usuario_86,usuario_86@email.com,SP,2026-08-22
87,Usuario_87,usuario_87@email.com,BA,2026-04-01
88,Usuario_88,usuario_88@email.com,SC,2026-08-17
89,Usuario_89,usuario_89@email.com,PR,2026-04-17
90,Usuario_90,usuario_90@email.com,RJ,2026-03-15
91,Usuario_91,usuario_91@email.com,RS,2026-03-07
92,Usuario_92,usuario_92@email.com,GO,2026-02-06
93,Usuario_93,usuario_93@email.com,BA,2026-07-02
94,Usuario_94,usuario_94@email.com,RS,2026-05-12
95,Usuario_95,usuario_95@email.com,PE,2025-12-17
96,Usuario_96,usuario_96@email.com,SC,2026-02-16
97,Usuario_97,usuario_97@email.com,PE,2025-11-29
98,Usuario_98,usuario_98@email.com,MG,2025-09-30
99,Usuario_99,usuario_99@email.com,PR,2026-06-14
100,Usuario_100,usuario_100@email.com,MG,2026-06-19
101,Usuario_101,usuario_101@email.com,RS,2026-06-17
102,Usuario_102,usuario_102@email.com,CE,2026-08-05
103,Usuario_103,usuario_103@email.com,CE,2025-11-06
104,Usuario_104,usuario_104@email.com,PR,2026-03-03
105,Usuario_105,usuario_105@email.com,GO,2025-11-01
106,Usuario_106,usuario_106@email.com,SC,2025-09-30
107,Usuario_107,usuario_107@email.com,GO,2026-05-14
108,Usuario_108,usuario_108@email.com,SC,2026-01-03
109,Usuario_109,usuario_109@email.com,BA,2025-11-20
110,Usuario_110,usuario_110@email.com,RS,2026-07-03
111,Usuario_111,usuario_111@email.com,MG,2026-05-19
112,Usuario_112,usuario_112@email.com,CE,2026-01-21
113,Usuario_113,usuario_113@email.com,PE,2025-10-23
114,Usuario_114,usuario_114@email.com,RJ,2026-05-07
115,Usuario_115,usuario_115@email.com,SP,2026-01-22
116,Usuario_116,usuario_116@email.com,RJ,2026-05-07
117,Usuario_117,usuario_117@email.com,MG,2025-10-08
118,Usuario_118,usuario_118@email.com,MG,2026-09-10
119,Usuario_119,usuario_119@email.com,SC,2026-01-19
120,Usuario_120,usuario_120@email.com,GO,2026-04-20
121,Usuario_121,usuario_121@email.com,RJ,2025-10-03
122,Usuario_122,usuario_122@email.com,SC,2025-12-09
123,Usuario_123,usuario_123@email.com,SC,2026-06-26
124,Usuario_124,usuario_124@email.com,GO,2026-08-08
125,Usuario_125,usuario_125@email.com,PE,2026-01-31
126,Usuario_126,usuario_126@email.com,CE,2026-03-22
127,Usuario_127,usuario_127@email.com,PR,2025-11-18
128,Usuario_128,usuario_128@email.com,CE,2026-04-14
129,Usuario_129,usuario_129@email.com,SP,2025-10-22
130,Usuario_130,usuario_130@email.com,RJ,2026-02-09
131,Usuario_131,usuario_131@email.com,CE,2025-09-26
132,Usuario_132,usuario_132@email.com,PR,2026-05-09
133,Usuario_133,usuario_133@email.com,BA,2026-01-24
134,Usuario_134,usuario_134@email.com,RJ,2026-04-13
135,Usuario_135,usuario_135@email.com,PR,2026-06-05
136,Usuario_136,usuario_136@email.com,SC,2026-03-02
137,Usuario_137,usuario_137@email.com,MG,2026-01-10
138,Usuario_138,usuario_138@email.com,PE,2026-07-22
139,Usuario_139,usuario_139@email.com,SP,2026-05-16
140,Usuario_140,usuario_140@email.com,PR,2026-03-03
141,Usuario_141,usuario_141@email.com,CE,2025-11-26
142,Usuario_142,usuario_142@email.com,MG,2026-03-15
143,Usuario_143,usuario_143@email.com,CE,2025-11-24
144,Usuario_144,usuario_144@email.com,RJ,2026-04-16
145,Usuario_145,usuario_145@email.com,PR,2025-09-21
146,Usuario_146,usuario_146@email.com,CE,2026-04-16
147,Usuario_147,usuario_147@email.com,GO,2026-09-03
148,Usuario_148,usuario_148@email.com,RS,2025-10-12
149,Usuario_149,usuario_149@email.com,MG,2026-02-24
150,Usuario_150,usuario_150@email.com,BA,2026-04-27
151,Usuario_151,usuario_151@email.com,MG,2026-09-10
152,Usuario_152,usuario_152@email.com,CE,2025-11-29
153,Usuario_153,usuario_153@email.com,CE,2025-09-28
154,Usuario_154,usuario_154@email.com,SP,2026-08-20
155,Usuario_155,usuario_155@email.com,GO,2025-11-08
156,Usuario_156,usuario_156@email.com,BA,2026-01-03
157,Usuario_157,usuario_157@email.com,PE,2026-04-21
158,Usuario_158,usuario_158@email.com,SP,2026-05-20
159,Usuario_159,usuario_159@email.com,RJ,2025-11-08
160,Usuario_160,usuario_160@email.com,BA,2026-03-18
161,Usuario_161,usuario_161@email.com,PR,2026-05-25
162,Usuario_162,usuario_162@email.com,RS,2025-10-24
163,Usuario_163,usuario_163@email.com,SP,2026-06-09
164,Usuario_164,usuario_164@email.com,RS,2025-11-01
165,Usuario_165,usuario_165@email.com,GO,2026-05-09
166,Usuario_166,usuario_166@email.com,RJ,2025-10-02
167,Usuario_167,usuario_167@email.com,RJ,2025-10-12
168,Usuario_168,usuario_168@email.com,PE,2025-10-01
169,Usuario_169,usuario_169@email.com,RJ,2026-07-06
170,Usuario_170,usuario_170@email.com,CE,2025-10-28
171,Usuario_171,usuario_171@email.com,MG,2026-07-27
172,Usuario_172,usuario_172@email.com,MG,2025-10-28
173,Usuario_173,usuario_173@email.com,PE,2025-10-19
174,Usuario_174,usuario_174@email.com,CE,2026-08-25
175,Usuario_175,usuario_175@email.com,MG,2026-04-09
176,Usuario_176,usuario_176@email.com,PR,2026-02-01
177,Usuario_177,usuario_177@email.com,CE,2026-08-28
178,Usuario_178,usuario_178@email.com,GO,2025-11-22
179,Usuario_179,usuario_179@email.com,SC,2026-03-12
180,Usuario_180,usuario_180@email.com,RS,2026-07-09
181,Usuario_181,usuario_181@email.com,CE,2026-07-30
182,Usuario_182,usuario_182@email.com,RS,2026-04-16
183,Usuario_183,usuario_183@email.com,PR,2026-03-31
184,Usuario_184,usuario_184@email.com,SC,2026-02-14
185,Usuario_185,usuario_185@email.com,BA,2026-06-17
186,Usuario_186,usuario_186@email.com,PE,2026-06-04
187,Usuario_187,usuario_187@email.com,CE,2026-07-09
188,Usuario_188,usuario_188@email.com,PE,2025-12-12
189,Usuario_189,usuario_189@email.com,RJ,2026-03-11
190,Usuario_190,usuario_190@email.com,RS,2025-12-17
191,Usuario_191,usuario_191@email.com,RS,2026-01-01
192,Usuario_192,usuario_192@email.com,RJ,2026-04-28
193,Usuario_193,usuario_193@email.com,BA,2026-06-22
194,Usuario_194,usuario_194@email.com,SP,2026-05-06
195,Usuario_195,usuario_195@email.com,GO,2026-01-11
196,Usuario_196,usuario_196@email.com,CE,2026-04-16
197,Usuario_197,usuario_197@email.com,RS,2026-03-25
198,Usuario_198,usuario_198@email.com,GO,2026-07-18
199,Usuario_199,usuario_199@email.com,RS,2026-01-18
200,Usuario_200,usuario_200@email.com,SP,2026-08-07
201,Usuario_201,usuario_201@email.com,RJ,2026-07-04
202,Usuario_202,usuario_202@email.com,SP,2026-05-22
203,Usuario_203,usuario_203@email.com,RS,2025-10-03
204,Usuario_204,usuario_204@email.com,RJ,2025-10-04
205,Usuario_205,usuario_205@email.com,SP,2026-02-23
206,Usuario_206,usuario_206@email.com,BA,2025-12-03
207,Usuario_207,usuario_207@email.com,RJ,2026-03-11
208,Usuario_208,usuario_208@email.com,CE,2026-07-30
209,Usuario_209,usuario_209@email.com,RS,2026-02-24
210,Usuario_210,usuario_210@email.com,PR,2026-09-07
211,Usuario_211,usuario_211@email.com,PE,2026-05-02
212,Usuario_212,usuario_212@email.com,RS,2025-12-14
213,Usuario_213,usuario_213@email.com,CE,2026-07-13
214,Usuario_214,usuario_214@email.com,MG,2026-01-25
215,Usuario_215,usuario_215@email.com,GO,2026-03-10
216,Usuario_216,usuario_216@email.com,GO,2025-10-05
217,Usuario_217,usuario_217@email.com,PE,2025-10-05
218,Usuario_218,usuario_218@email.com,RS,2026-05-03
219,Usuario_219,usuario_219@email.com,PE,2025-11-19
220,Usuario_220,usuario_220@email.com,SC,2026-03-03
221,Usuario_221,usuario_221@email.com,RS,2025-10-23
222,Usuario_222,usuario_222@email.com,RJ,2026-03-08
223,Usuario_223,usuario_223@email.com,RJ,2026-07-21
224,Usuario_224,usuario_224@email.com,SC,2025-10-04
225,Usuario_225,usuario_225@email.com,BA,2026-05-18
226,Usuario_226,usuario_226@email.com,SC,2026-01-16
227,Usuario_227,usuario_227@email.com,SC,2026-09-02
228,Usuario_228,usuario_228@email.com,PE,2025-11-01
229,Usuario_229,usuario_229@email.com,SP,2025-12-01
230,Usuario_230,usuario_230@email.com,RJ,2026-03-31
231,Usuario_231,usuario_231@email.com,SP,2025-11-06
232,Usuario_232,usuario_232@email.com,SC,2026-05-24
233,Usuario_233,usuario_233@email.com,BA,2025-10-18
234,Usuario_234,usuario_234@email.com,RJ,2026-08-13
235,Usuario_235,usuario_235@email.com,RS,2025-10-24
236,Usuario_236,usuario_236@email.com,RS,2026-01-20
237,Usuario_237,usuario_237@email.com,RS,2025-09-21
238,Usuario_238,usuario_238@email.com,CE,2026-04-13
239,Usuario_239,usuario_239@email.com,PE,2025-10-17
240,Usuario_240,usuario_240@email.com,MG,2026-02-17
241,Usuario_241,usuario_241@email.com,SC,2026-07-17
242,Usuario_242,usuario_242@email.com,MG,2026-07-05
243,Usuario_243,usuario_243@email.com,PR,2026-08-22
244,Usuario_244,usuario_244@email.com,PE,2026-08-26
245,Usuario_245,usuario_245@email.com,RS,2026-04-12
246,Usuario_246,usuario_246@email.com,RJ,2026-01-05
247,Usuario_247,usuario_247@email.com,PE,2026-07-17
248,Usuario_248,usuario_248@email.com,CE,2026-07-27
249,Usuario_249,usuario_249@email.com,RJ,2026-05-17
250,Usuario_250,usuario_250@email.com,SP,2025-12-13
251,Usuario_251,usuario_251@email.com,CE,2026-07-07
252,Usuario_252,usuario_252@email.com,SP,2026-02-28
253,Usuario_253,usuario_253@email.com,RJ,2026-01-25
254,Usuario_254,usuario_254@email.com,RS,2026-03-09
255,Usuario_255,usuario_255@email.com,MG,2025-10-06
256,Usuario_256,usuario_256@email.com,SC,2025-09-23
257,Usuario_257,usuario_257@email.com,PE,2025-12-12
258,Usuario_258,usuario_258@email.com,PE,2026-02-12
259,Usuario_259,usuario_259@email.com,RS,2025-11-18
260,Usuario_260,usuario_260@email.com,SC,2026-06-27
261,Usuario_261,usuario_261@email.com,SP,2026-02-14
262,Usuario_262,usuario_262@email.com,MG,2025-10-14
263,Usuario_263,usuario_263@email.com,SC,2026-07-26
264,Usuario_264,usuario_264@email.com,SP,2026-01-07
265,Usuario_265,usuario_265@email.com,SC,2025-11-03
266,Usuario_266,usuario_266@email.com,PR,2026-02-18
267,Usuario_267,usuario_267@email.com,PE,2026-04-24
268,Usuario_268,usuario_268@email.com,PR,2026-08-29
269,Usuario_269,usuario_269@email.com,SC,2025-09-26
270,Usuario_270,usuario_270@email.com,CE,2026-03-09
271,Usuario_271,usuario_271@email.com,PE,2026-05-26
272,Usuario_272,usuario_272@email.com,MG,2026-01-30
273,Usuario_273,usuario_273@email.com,RS,2026-01-30
274,Usuario_274,usuario_274@email.com,PR,2026-05-17
275,Usuario_275,usuario_275@email.com,RS,2026-03-13
276,Usuario_276,usuario_276@email.com,SP,2026-07-26
277,Usuario_277,usuario_277@email.com,GO,2025-09-28
278,Usuario_278,usuario_278@email.com,CE,2026-03-10
279,Usuario_279,usuario_279@email.com,SP,2025-12-10
280,Usuario_280,usuario_280@email.com,BA,2025-10-19
281,Usuario_281,usuario_281@email.com,SP,2026-03-15
282,Usuario_282,usuario_282@email.com,SP,2026-08-14
283,Usuario_283,usuario_283@email.com,GO,2026-02-23
284,Usuario_284,usuario_284@email.com,PE,2026-04-26
285,Usuario_285,usuario_285@email.com,CE,2026-06-09
286,Usuario_286,usuario_286@email.com,CE,2026-07-14
287,Usuario_287,usuario_287@email.com,MG,2026-01-25
288,Usuario_288,usuario_288@email.com,SP,2026-07-30
289,Usuario_289,usuario_289@email.com,CE,2025-10-10
290,Usuario_290,usuario_290@email.com,RJ,2026-05-29
291,Usuario_291,usuario_291@email.com,MG,2025-10-21
292,Usuario_292,usuario_292@email.com,RJ,2025-10-22
293,Usuario_293,usuario_293@email.com,GO,2025-11-13
294,Usuario_294,usuario_294@email.com,RJ,2026-09-04
295,Usuario_295,usuario_295@email.com,RS,2026-08-20
296,Usuario_296,usuario_296@email.com,SC,2026-03-28
297,Usuario_297,usuario_297@email.com,RJ,2026-05-13
298,Usuario_298,usuario_298@email.com,GO,2026-07-12
299,Usuario_299,usuario_299@email.com,RS,2025-11-29
300,Usuario_300,usuario_300@email.com,GO,2026-06-01
301,Usuario_301,usuario_301@email.com,GO,2026-08-10
302,Usuario_302,usuario_302@email.com,SP,2025-12-05
303,Usuario_303,usuario_303@email.com,GO,2026-05-31
304,Usuario_304,usuario_304@email.com,RJ,2025-11-18
305,Usuario_305,usuario_305@email.com,SC,2026-05-27
306,Usuario_306,usuario_306@email.com,GO,2026-05-18
307,Usuario_307,usuario_307@email.com,GO,2026-03-30
308,Usuario_308,usuario_308@email.com,CE,2026-07-01
309,Usuario_309,usuario_309@email.com,BA,2025-11-13
310,Usuario_310,usuario_310@email.com,PR,2026-09-13
311,Usuario_311,usuario_311@email.com,RS,2026-04-26
312,Usuario_312,usuario_312@email.com,BA,2026-07-02
313,Usuario_313,usuario_313@email.com,RS,2026-07-10
314,Usuario_314,usuario_314@email.com,PR,2025-12-12
315,Usuario_315,usuario_315@email.com,SC,2026-05-09
316,Usuario_316,usuario_316@email.com,MG,2026-06-17
317,Usuario_317,usuario_317@email.com,PR,2026-07-20
318,Usuario_318,usuario_318@email.com,PE,2025-10-11
319,Usuario_319,usuario_319@email.com,BA,2026-09-01
320,Usuario_320,usuario_320@email.com,RJ,2026-07-09
321,Usuario_321,usuario_321@email.com,SP,2026-09-07
322,Usuario_322,usuario_322@email.com,PE,2026-03-15
323,Usuario_323,usuario_323@email.com,GO,2026-05-16
324,Usuario_324,usuario_324@email.com,GO,2025-11-17
325,Usuario_325,usuario_325@email.com,RJ,2026-04-02
326,Usuario_326,usuario_326@email.com,RJ,2026-09-06
327,Usuario_327,usuario_327@email.com,CE,2026-06-17
328,Usuario_328,usuario_328@email.com,RS,2026-05-02
329,Usuario_329,usuario_329@email.com,CE,2026-08-19
330,Usuario_330,usuario_330@email.com,PR,2026-07-12
331,Usuario_331,usuario_331@email.com,MG,2026-02-11
332,Usuario_332,usuario_332@email.com,BA,2025-12-19
333,Usuario_333,usuario_333@email.com,RJ,2026-07-18
334,Usuario_334,usuario_334@email.com,RS,2026-08-13
335,Usuario_335,usuario_335@email.com,BA,2026-01-14
336,Usuario_336,usuario_336@email.com,PR,2026-01-28
337,Usuario_337,usuario_337@email.com,MG,2026-03-13
338,Usuario_338,usuario_338@email.com,PE,2025-12-26
339,Usuario_339,usuario_339@email.com,CE,2025-11-15
340,Usuario_340,usuario_340@email.com,PR,2026-07-21
341,Usuario_341,usuario_341@email.com,GO,2026-01-26
342,Usuario_342,usuario_342@email.com,CE,2025-12-31
343,Usuario_343,usuario_343@email.com,SP,2026-05-24
344,Usuario_344,usuario_344@email.com,CE,2025-11-04
345,Usuario_345,usuario_345@email.com,PR,2026-08-23
346,Usuario_346,usuario_346@email.com,RJ,2025-10-12
347,Usuario_347,usuario_347@email.com,MG,2025-12-22
348,Usuario_348,usuario_348@email.com,PR,2026-04-13
349,Usuario_349,usuario_349@email.com,RJ,2026-01-23
350,Usuario_350,usuario_350@email.com,RJ,2025-10-20
351,Usuario_351,usuario_351@email.com,CE,2026-08-30
352,Usuario_352,usuario_352@email.com,MG,2026-08-14
353,Usuario_353,usuario_353@email.com,PR,2026-01-12
354,Usuario_354,usuario_354@email.com,PR,2026-02-21
355,Usuario_355,usuario_355@email.com,GO,2026-02-08
356,Usuario_356,usuario_356@email.com,RS,2025-09-28
357,Usuario_357,usuario_357@email.com,BA,2026-07-21
358,Usuario_358,usuario_358@email.com,RS,2026-01-06
359,Usuario_359,usuario_359@email.com,PR,2025-09-15
360,Usuario_360,usuario_360@email.com,CE,2026-01-30
361,Usuario_361,usuario_361@email.com,PE,2026-08-08
362,Usuario_362,usuario_362@email.com,PR,2026-08-04
363,Usuario_363,usuario_363@email.com,SP,2026-04-03
364,Usuario_364,usuario_364@email.com,RJ,2025-11-07
365,Usuario_365,usuario_365@email.com,SC,2026-07-01
366,Usuario_366,usuario_366@email.com,PR,2026-08-12
367,Usuario_367,usuario_367@email.com,SP,2026-07-12
368,Usuario_368,usuario_368@email.com,SP,2026-04-27
369,Usuario_369,usuario_369@email.com,BA,2025-10-30
370,Usuario_370,usuario_370@email.com,MG,2025-10-25
371,Usuario_371,usuario_371@email.com,PR,2025-11-19
372,Usuario_372,usuario_372@email.com,MG,2025-12-08
373,Usuario_373,usuario_373@email.com,PE,2025-09-15
374,Usuario_374,usuario_374@email.com,CE,2026-04-01
375,Usuario_375,usuario_375@email.com,SC,2026-03-03
376,Usuario_376,usuario_376@email.com,CE,2025-11-13
377,Usuario_377,usuario_377@email.com,SP,2025-12-17
378,Usuario_378,usuario_378@email.com,RJ,2026-04-17
379,Usuario_379,usuario_379@email.com,RJ,2026-01-25
380,Usuario_380,usuario_380@email.com,MG,2025-12-30
381,Usuario_381,usuario_381@email.com,CE,2025-11-09
382,Usuario_382,usuario_382@email.com,SP,2026-02-06
383,Usuario_383,usuario_383@email.com,BA,2026-07-26
384,Usuario_384,usuario_384@email.com,GO,2025-09-20
385,Usuario_385,usuario_385@email.com,CE,2026-07-18
386,Usuario_386,usuario_386@email.com,MG,2025-10-14
387,Usuario_387,usuario_387@email.com,SC,2025-10-16
388,Usuario_388,usuario_388@email.com,MG,2025-12-06
389,Usuario_389,usuario_389@email.com,SP,2026-05-27
390,Usuario_390,usuario_390@email.com,PR,2026-02-06
391,Usuario_391,usuario_391@email.com,BA,2026-01-26
392,Usuario_392,usuario_392@email.com,SP,2026-05-21
393,Usuario_393,usuario_393@email.com,BA,2026-02-15
394,Usuario_394,usuario_394@email.com,RS,2026-03-25
395,Usuario_395,usuario_395@email.com,RS,2026-01-25
396,Usuario_396,usuario_396@email.com,RJ,2026-02-22
397,Usuario_397,usuario_397@email.com,BA,2026-02-14
398,Usuario_398,usuario_398@email.com,CE,2026-07-28
399,Usuario_399,usuario_399@email.com,SC,2026-04-07
400,Usuario_400,usuario_400@email.com,GO,2026-02-08
401,Usuario_401,usuario_401@email.com,MG,2026-04-07
402,Usuario_402,usuario_402@email.com,RS,2025-10-09
403,Usuario_403,usuario_403@email.com,MG,2026-05-07
404,Usuario_404,usuario_404@email.com,MG,2026-03-07
405,Usuario_405,usuario_405@email.com,SC,2026-06-28
406,Usuario_406,usuario_406@email.com,SP,2025-09-28
407,Usuario_407,usuario_407@email.com,MG,2026-01-15
408,Usuario_408,usuario_408@email.com,BA,2026-08-11
409,Usuario_409,usuario_409@email.com,SC,2026-07-30
410,Usuario_410,usuario_410@email.com,RS,2026-08-02
411,Usuario_411,usuario_411@email.com,PR,2026-07-29
412,Usuario_412,usuario_412@email.com,MG,2026-02-05
413,Usuario_413,usuario_413@email.com,RJ,2026-07-27
414,Usuario_414,usuario_414@email.com,SC,2026-03-08
415,Usuario_415,usuario_415@email.com,SP,2026-07-10
416,Usuario_416,usuario_416@email.com,PE,2025-12-04
417,Usuario_417,usuario_417@email.com,RS,2026-08-15
418,Usuario_418,usuario_418@email.com,RS,2025-11-18
419,Usuario_419,usuario_419@email.com,PE,2025-12-01
420,Usuario_420,usuario_420@email.com,BA,2025-12-01
421,Usuario_421,usuario_421@email.com,PR,2026-03-30
422,Usuario_422,usuario_422@email.com,RS,2025-10-06
423,Usuario_423,usuario_423@email.com,RS,2026-07-14
424,Usuario_424,usuario_424@email.com,SP,2026-02-16
425,Usuario_425,usuario_425@email.com,RS,2026-03-17
426,Usuario_426,usuario_426@email.com,SC,2025-10-09
427,Usuario_427,usuario_427@email.com,BA,2026-02-10
428,Usuario_428,usuario_428@email.com,PR,2026-08-19
429,Usuario_429,usuario_429@email.com,RJ,2026-04-20
430,Usuario_430,usuario_430@email.com,PR,2025-11-11
431,Usuario_431,usuario_431@email.com,BA,2026-04-08
432,Usuario_432,usuario_432@email.com,CE,2026-03-18
433,Usuario_433,usuario_433@email.com,SC,2026-07-23
434,Usuario_434,usuario_434@email.com,CE,2025-11-23
435,Usuario_435,usuario_435@email.com,BA,2025-12-29
436,Usuario_436,usuario_436@email.com,SP,2026-05-29
437,Usuario_437,usuario_437@email.com,RJ,2026-06-27
438,Usuario_438,usuario_438@email.com,PR,2025-10-13
439,Usuario_439,usuario_439@email.com,MG,2026-01-11
440,Usuario_440,usuario_440@email.com,GO,2026-05-23
441,Usuario_441,usuario_441@email.com,PR,2026-07-21
442,Usuario_442,usuario_442@email.com,SP,2026-03-19
443,Usuario_443,usuario_443@email.com,RJ,2025-12-04
444,Usuario_444,usuario_444@email.com,GO,2026-03-10
445,Usuario_445,usuario_445@email.com,SC,2026-07-18
446,Usuario_446,usuario_446@email.com,BA,2026-04-25
447,Usuario_447,usuario_447@email.com,BA,2025-11-25
448,Usuario_448,usuario_448@email.com,SC,2026-05-22
449,Usuario_449,usuario_449@email.com,GO,2026-02-07
450,Usuario_450,usuario_450@email.com,CE,2025-12-01
451,Usuario_451,usuario_451@email.com,RJ,2025-10-31
452,Usuario_452,usuario_452@email.com,SC,2025-11-04
453,Usuario_453,usuario_453@email.com,GO,2025-10-04
454,Usuario_454,usuario_454@email.com,RS,2025-10-20
455,Usuario_455,usuario_455@email.com,PR,2025-12-03
456,Usuario_456,usuario_456@email.com,SP,2026-09-01
457,Usuario_457,usuario_457@email.com,SC,2025-11-07
458,Usuario_458,usuario_458@email.com,SP,2025-10-13
459,Usuario_459,usuario_459@email.com,CE,2025-09-24
460,Usuario_460,usuario_460@email.com,CE,2026-05-01
461,Usuario_461,usuario_461@email.com,RS,2026-08-31
462,Usuario_462,usuario_462@email.com,BA,2026-06-14
463,Usuario_463,usuario_463@email.com,SC,2026-04-28
464,Usuario_464,usuario_464@email.com,RJ,2025-09-20
465,Usuario_465,usuario_465@email.com,BA,2026-04-09
466,Usuario_466,usuario_466@email.com,GO,2026-03-25
467,Usuario_467,usuario_467@email.com,BA,2026-03-19
468,Usuario_468,usuario_468@email.com,RJ,2026-09-11
469,Usuario_469,usuario_469@email.com,PR,2026-06-14
470,Usuario_470,usuario_470@email.com,CE,2026-07-03
471,Usuario_471,usuario_471@email.com,PR,2025-11-29
472,Usuario_472,usuario_472@email.com,SC,2025-10-13
473,Usuario_473,usuario_473@email.com,BA,2026-02-21
474,Usuario_474,usuario_474@email.com,SC,2026-08-10
475,Usuario_475,usuario_475@email.com,PR,2026-07-04
476,Usuario_476,usuario_476@email.com,CE,2025-10-25
477,Usuario_477,usuario_477@email.com,MG,2026-08-30
478,Usuario_478,usuario_478@email.com,RS,2026-07-30
479,Usuario_479,usuario_479@email.com,SC,2025-12-17
480,Usuario_480,usuario_480@email.com,SC,2026-05-27
481,Usuario_481,usuario_481@email.com,MG,2026-03-06
482,Usuario_482,usuario_482@email.com,GO,2026-02-12
483,Usuario_483,usuario_483@email.com,GO,2026-01-25
484,Usuario_484,usuario_484@email.com,PR,2026-03-24
485,Usuario_485,usuario_485@email.com,SC,2026-06-26
486,Usuario_486,usuario_486@email.com,CE,2026-03-09
487,Usuario_487,usuario_487@email.com,SP,2026-04-08
488,Usuario_488,usuario_488@email.com,PR,2026-04-01
489,Usuario_489,usuario_489@email.com,PR,2025-11-28
490,Usuario_490,usuario_490@email.com,RS,2025-11-13
491,Usuario_491,usuario_491@email.com,SC,2026-08-02
492,Usuario_492,usuario_492@email.com,GO,2026-08-19
493,Usuario_493,usuario_493@email.com,GO,2026-06-27
494,Usuario_494,usuario_494@email.com,BA,2026-06-26
495,Usuario_495,usuario_495@email.com,PE,2025-11-02
496,Usuario_496,usuario_496@email.com,PE,2026-08-20
497,Usuario_497,usuario_497@email.com,PE,2025-10-04
498,Usuario_498,usuario_498@email.com,RS,2026-08-04
499,Usuario_499,usuario_499@email.com,CE,2026-04-28
500,Usuario_500,usuario_500@email.com,PE,2026-01-31
501,Usuario_501,usuario_501@email.com,MG,2025-10-11
502,Usuario_502,usuario_502@email.com,RJ,2026-02-09
503,Usuario_503,usuario_503@email.com,PR,2026-01-09
504,Usuario_504,usuario_504@email.com,CE,2025-11-08
505,Usuario_505,usuario_505@email.com,GO,2026-01-31
506,Usuario_506,usuario_506@email.com,BA,2026-02-14
507,Usuario_507,usuario_507@email.com,RJ,2026-04-28
508,Usuario_508,usuario_508@email.com,RS,2026-05-27
509,Usuario_509,usuario_509@email.com,PR,2025-12-26
510,Usuario_510,usuario_510@email.com,RS,2026-07-18
511,Usuario_511,usuario_511@email.com,RS,2026-03-22
512,Usuario_512,usuario_512@email.com,MG,2026-02-06
513,Usuario_513,usuario_513@email.com,SP,2026-07-20
514,Usuario_514,usuario_514@email.com,SP,2026-04-22
515,Usuario_515,usuario_515@email.com,RS,2025-10-02
516,Usuario_516,usuario_516@email.com,PE,2025-10-02
517,Usuario_517,usuario_517@email.com,GO,2025-11-15
518,Usuario_518,usuario_518@email.com,RJ,2026-01-08
519,Usuario_519,usuario_519@email.com,PE,2025-12-19
520,Usuario_520,usuario_520@email.com,SC,2025-10-08
521,Usuario_521,usuario_521@email.com,GO,2026-04-10
522,Usuario_522,usuario_522@email.com,RS,2026-08-22
523,Usuario_523,usuario_523@email.com,SC,2026-05-25
524,Usuario_524,usuario_524@email.com,PE,2026-02-24
525,Usuario_525,usuario_525@email.com,SC,2025-11-12
526,Usuario_526,usuario_526@email.com,RS,2026-08-17
527,Usuario_527,usuario_527@email.com,MG,2026-09-11
528,Usuario_528,usuario_528@email.com,SP,2026-06-02
529,Usuario_529,usuario_529@email.com,RJ,2026-04-13
530,Usuario_530,usuario_530@email.com,SC,2026-05-29
531,Usuario_531,usuario_531@email.com,RS,2026-07-06
532,Usuario_532,usuario_532@email.com,MG,2026-05-07
533,Usuario_533,usuario_533@email.com,CE,2026-04-19
534,Usuario_534,usuario_534@email.com,PE,2026-03-31
535,Usuario_535,usuario_535@email.com,SP,2026-07-15
536,Usuario_536,usuario_536@email.com,CE,2026-09-11
537,Usuario_537,usuario_537@email.com,RS,2026-01-03
538,Usuario_538,usuario_538@email.com,RJ,2026-02-06
539,Usuario_539,usuario_539@email.com,PE,2026-06-17
540,Usuario_540,usuario_540@email.com,MG,2026-07-10
541,Usuario_541,usuario_541@email.com,PE,2026-03-04
542,Usuario_542,usuario_542@email.com,CE,2025-12-16
543,Usuario_543,usuario_543@email.com,CE,2025-09-19
544,Usuario_544,usuario_544@email.com,GO,2026-05-20
545,Usuario_545,usuario_545@email.com,BA,2026-01-01
546,Usuario_546,usuario_546@email.com,PE,2025-12-02
547,Usuario_547,usuario_547@email.com,GO,2025-10-07
548,Usuario_548,usuario_548@email.com,CE,2026-03-17
549,Usuario_549,usuario_549@email.com,SC,2026-08-09
550,Usuario_550,usuario_550@email.com,CE,2026-02-23
551,Usuario_551,usuario_551@email.com,PE,2026-08-24
552,Usuario_552,usuario_552@email.com,MG,2026-02-03
553,Usuario_553,usuario_553@email.com,PE,2026-09-05
554,Usuario_554,usuario_554@email.com,PE,2026-01-22
555,Usuario_555,usuario_555@email.com,PR,2026-08-06
556,Usuario_556,usuario_556@email.com,RS,2026-04-07
557,Usuario_557,usuario_557@email.com,PR,2025-11-24
558,Usuario_558,usuario_558@email.com,CE,2026-02-07
559,Usuario_559,usuario_559@email.com,PE,2025-11-25
560,Usuario_560,usuario_560@email.com,RS,2026-02-19
561,Usuario_561,usuario_561@email.com,PR,2025-09-16
562,Usuario_562,usuario_562@email.com,PE,2025-10-22
563,Usuario_563,usuario_563@email.com,RJ,2026-02-13
564,Usuario_564,usuario_564@email.com,PR,2026-04-19
565,Usuario_565,usuario_565@email.com,RS,2026-07-18
566,Usuario_566,usuario_566@email.com,PR,2026-02-19
567,Usuario_567,usuario_567@email.com,BA,2026-09-04
568,Usuario_568,usuario_568@email.com,BA,2026-04-01
569,Usuario_569,usuario_569@email.com,CE,2026-06-19
570,Usuario_570,usuario_570@email.com,RJ,2025-11-02
571,Usuario_571,usuario_571@email.com,MG,2026-01-22
572,Usuario_572,usuario_572@email.com,MG,2025-09-26
573,Usuario_573,usuario_573@email.com,RS,2026-03-13
574,Usuario_574,usuario_574@email.com,SC,2026-07-31
575,Usuario_575,usuario_575@email.com,MG,2026-02-03
576,Usuario_576,usuario_576@email.com,RS,2026-07-22
577,Usuario_577,usuario_577@email.com,RJ,2026-05-13
578,Usuario_578,usuario_578@email.com,SC,2026-02-03
579,Usuario_579,usuario_579@email.com,SC,2025-11-17
580,Usuario_580,usuario_580@email.com,BA,2026-02-21
581,Usuario_581,usuario_581@email.com,CE,2025-12-20
582,Usuario_582,usuario_582@email.com,PE,2026-08-05
583,Usuario_583,usuario_583@email.com,SC,2026-02-24
584,Usuario_584,usuario_584@email.com,SP,2026-04-09
585,Usuario_585,usuario_585@email.com,RS,2026-03-25
586,Usuario_586,usuario_586@email.com,SC,2026-05-24
587,Usuario_587,usuario_587@email.com,SC,2026-03-28
588,Usuario_588,usuario_588@email.com,GO,2026-06-20
589,Usuario_589,usuario_589@email.com,SP,2026-08-06
590,Usuario_590,usuario_590@email.com,GO,2025-12-27
591,Usuario_591,usuario_591@email.com,SC,2025-10-25
592,Usuario_592,usuario_592@email.com,PE,2026-07-18
593,Usuario_593,usuario_593@email.com,SP,2025-12-17
594,Usuario_594,usuario_594@email.com,BA,2025-12-27
595,Usuario_595,usuario_595@email.com,PR,2026-06-07
596,Usuario_596,usuario_596@email.com,SC,2026-03-20
597,Usuario_597,usuario_597@email.com,SC,2026-03-19
598,Usuario_598,usuario_598@email.com,CE,2025-10-19
599,Usuario_599,usuario_599@email.com,CE,2026-07-01
600,Usuario_600,usuario_600@email.com,GO,2026-05-17
601,Usuario_601,usuario_601@email.com,RS,2026-07-24
602,Usuario_602,usuario_602@email.com,PE,2026-07-02
603,Usuario_603,usuario_603@email.com,RS,2026-05-06
604,Usuario_604,usuario_604@email.com,PR,2026-06-05
605,Usuario_605,usuario_605@email.com,SC,2026-06-18
606,Usuario_606,usuario_606@email.com,PE,2025-11-10
607,Usuario_607,usuario_607@email.com,SP,2026-06-28
608,Usuario_608,usuario_608@email.com,SC,2025-10-14
609,Usuario_609,usuario_609@email.com,BA,2026-08-07
610,Usuario_610,usuario_610@email.com,SC,2026-06-16
611,Usuario_611,usuario_611@email.com,MG,2025-10-28
612,Usuario_612,usuario_612@email.com,PE,2026-01-05
613,Usuario_613,usuario_613@email.com,MG,2026-01-20
614,Usuario_614,usuario_614@email.com,GO,2025-11-30
615,Usuario_615,usuario_615@email.com,CE,2025-11-22
616,Usuario_616,usuario_616@email.com,SP,2026-01-28
617,Usuario_617,usuario_617@email.com,SC,2025-10-01
618,Usuario_618,usuario_618@email.com,GO,2025-11-29
619,Usuario_619,usuario_619@email.com,GO,2025-10-20
620,Usuario_620,usuario_620@email.com,SP,2025-10-24
621,Usuario_621,usuario_621@email.com,RJ,2025-10-30
622,Usuario_622,usuario_622@email.com,SC,2026-04-02
623,Usuario_623,usuario_623@email.com,MG,2025-10-28
624,Usuario_624,usuario_624@email.com,PE,2026-04-06
625,Usuario_625,usuario_625@email.com,MG,2026-06-29
626,Usuario_626,usuario_626@email.com,SP,2026-02-01
627,Usuario_627,usuario_627@email.com,PR,2026-08-11
628,Usuario_628,usuario_628@email.com,SC,2026-01-17
629,Usuario_629,usuario_629@email.com,BA,2026-01-31
630,Usuario_630,usuario_630@email.com,RS,2025-10-26
631,Usuario_631,usuario_631@email.com,PE,2026-04-12
632,Usuario_632,usuario_632@email.com,BA,2026-04-27
633,Usuario_633,usuario_633@email.com,BA,2025-11-16
634,Usuario_634,usuario_634@email.com,SC,2026-08-17
635,Usuario_635,usuario_635@email.com,PR,2026-03-18
636,Usuario_636,usuario_636@email.com,SC,2025-12-29
637,Usuario_637,usuario_637@email.com,PR,2026-08-08
638,Usuario_638,usuario_638@email.com,RJ,2026-04-09
639,Usuario_639,usuario_639@email.com,PE,2026-01-21
640,Usuario_640,usuario_640@email.com,SP,2026-01-26
641,Usuario_641,usuario_641@email.com,CE,2026-08-26
642,Usuario_642,usuario_642@email.com,SP,2026-08-16
643,Usuario_643,usuario_643@email.com,BA,2026-03-10
644,Usuario_644,usuario_644@email.com,RS,2026-04-21
645,Usuario_645,usuario_645@email.com,RJ,2026-08-06
646,Usuario_646,usuario_646@email.com,SP,2025-10-19
647,Usuario_647,usuario_647@email.com,SP,2026-07-30
648,Usuario_648,usuario_648@email.com,RS,2025-11-04
649,Usuario_649,usuario_649@email.com,RS,2025-11-14
650,Usuario_650,usuario_650@email.com,SP,2025-12-29
651,Usuario_651,usuario_651@email.com,GO,2026-03-02
652,Usuario_652,usuario_652@email.com,MG,2026-01-21
653,Usuario_653,usuario_653@email.com,RS,2025-11-21
654,Usuario_654,usuario_654@email.com,MG,2025-12-05
655,Usuario_655,usuario_655@email.com,PE,2026-08-24
656,Usuario_656,usuario_656@email.com,RJ,2026-01-27
657,Usuario_657,usuario_657@email.com,GO,2025-11-26
658,Usuario_658,usuario_658@email.com,RS,2025-10-16
659,Usuario_659,usuario_659@email.com,PE,2026-06-10
660,Usuario_660,usuario_660@email.com,PR,2026-04-03
661,Usuario_661,usuario_661@email.com,BA,2025-11-09
662,Usuario_662,usuario_662@email.com,MG,2026-01-14
663,Usuario_663,usuario_663@email.com,GO,2026-01-01
664,Usuario_664,usuario_664@email.com,GO,2026-06-29
665,Usuario_665,usuario_665@email.com,RJ,2026-08-14
666,Usuario_666,usuario_666@email.com,MG,2026-01-27
667,Usuario_667,usuario_667@email.com,PR,2026-07-24
668,Usuario_668,usuario_668@email.com,RJ,2026-03-23
669,Usuario_669,usuario_669@email.com,GO,2025-09-14
670,Usuario_670,usuario_670@email.com,SP,2026-08-02
671,Usuario_671,usuario_671@email.com,PR,2025-12-30
672,Usuario_672,usuario_672@email.com,GO,2025-10-19
673,Usuario_673,usuario_673@email.com,SC,2026-06-18
674,Usuario_674,usuario_674@email.com,SC,2026-08-25
675,Usuario_675,usuario_675@email.com,RS,2026-05-11
676,Usuario_676,usuario_676@email.com,RJ,2025-09-17
677,Usuario_677,usuario_677@email.com,GO,2026-02-02
678,Usuario_678,usuario_678@email.com,RS,2026-02-02
679,Usuario_679,usuario_679@email.com,RJ,2025-12-20
680,Usuario_680,usuario_680@email.com,PR,2025-12-21
681,Usuario_681,usuario_681@email.com,GO,2025-11-06
682,Usuario_682,usuario_682@email.com,RJ,2026-06-25
683,Usuario_683,usuario_683@email.com,GO,2026-03-12
684,Usuario_684,usuario_684@email.com,SP,2026-03-08
685,Usuario_685,usuario_685@email.com,BA,2026-04-23
686,Usuario_686,usuario_686@email.com,CE,2026-02-28
687,Usuario_687,usuario_687@email.com,SC,2026-02-17
688,Usuario_688,usuario_688@email.com,BA,2026-03-25
689,Usuario_689,usuario_689@email.com,RJ,2025-10-02
690,Usuario_690,usuario_690@email.com,CE,2025-11-12
691,Usuario_691,usuario_691@email.com,BA,2026-08-19
692,Usuario_692,usuario_692@email.com,SP,2025-10-26
693,Usuario_693,usuario_693@email.com,SC,2025-10-18
694,Usuario_694,usuario_694@email.com,PE,2026-03-27
695,Usuario_695,usuario_695@email.com,RJ,2026-08-12
696,Usuario_696,usuario_696@email.com,SC,2026-03-30
697,Usuario_697,usuario_697@email.com,BA,2026-07-28
698,Usuario_698,usuario_698@email.com,PE,2025-12-03
699,Usuario_699,usuario_699@email.com,MG,2025-10-02
700,Usuario_700,usuario_700@email.com,SC,2026-03-01
701,Usuario_701,usuario_701@email.com,MG,2026-04-22
702,Usuario_702,usuario_702@email.com,CE,2026-05-08
703,Usuario_703,usuario_703@email.com,PR,2025-10-13
704,Usuario_704,usuario_704@email.com,GO,2025-11-10
705,Usuario_705,usuario_705@email.com,CE,2026-06-30
706,Usuario_706,usuario_706@email.com,PE,2026-03-28
707,Usuario_707,usuario_707@email.com,PE,2026-08-04
708,Usuario_708,usuario_708@email.com,SC,2025-11-20
709,Usuario_709,usuario_709@email.com,GO,2025-10-10
710,Usuario_710,usuario_710@email.com,PR,2026-07-04
711,Usuario_711,usuario_711@email.com,BA,2026-03-19
712,Usuario_712,usuario_712@email.com,RS,2026-04-09
713,Usuario_713,usuario_713@email.com,RJ,2025-10-14
714,Usuario_714,usuario_714@email.com,PR,2025-09-22
715,Usuario_715,usuario_715@email.com,PE,2025-10-10
716,Usuario_716,usuario_716@email.com,RS,2026-02-26
717,Usuario_717,usuario_717@email.com,PE,2026-07-10
718,Usuario_718,usuario_718@email.com,GO,2025-11-14
719,Usuario_719,usuario_719@email.com,GO,2025-09-17
720,Usuario_720,usuario_720@email.com,SC,2026-08-02
721,Usuario_721,usuario_721@email.com,BA,2026-04-09
722,Usuario_722,usuario_722@email.com,SP,2025-12-02
723,Usuario_723,usuario_723@email.com,PE,2026-03-06
724,Usuario_724,usuario_724@email.com,BA,2025-10-20
725,Usuario_725,usuario_725@email.com,MG,2026-03-30
726,Usuario_726,usuario_726@email.com,PE,2026-07-11
727,Usuario_727,usuario_727@email.com,RS,2025-10-06
728,Usuario_728,usuario_728@email.com,BA,2025-09-20
729,Usuario_729,usuario_729@email.com,PR,2025-09-29
730,Usuario_730,usuario_730@email.com,BA,2025-12-19
731,Usuario_731,usuario_731@email.com,PR,2026-07-29
732,Usuario_732,usuario_732@email.com,GO,2025-10-19
733,Usuario_733,usuario_733@email.com,PR,2025-10-06
734,Usuario_734,usuario_734@email.com,CE,2026-02-10
735,Usuario_735,usuario_735@email.com,SP,2025-12-28
736,Usuario_736,usuario_736@email.com,CE,2026-03-13
737,Usuario_737,usuario_737@email.com,RS,2026-09-05
738,Usuario_738,usuario_738@email.com,RJ,2026-03-13
739,Usuario_739,usuario_739@email.com,RS,2026-04-09
740,Usuario_740,usuario_740@email.com,SC,2026-06-14
741,Usuario_741,usuario_741@email.com,PE,2026-05-28
742,Usuario_742,usuario_742@email.com,CE,2026-03-24
743,Usuario_743,usuario_743@email.com,RS,2026-01-09
744,Usuario_744,usuario_744@email.com,PE,2026-06-08
745,Usuario_745,usuario_745@email.com,PE,2026-05-22
746,Usuario_746,usuario_746@email.com,PE,2026-07-06
747,Usuario_747,usuario_747@email.com,SP,2026-06-27
748,Usuario_748,usuario_748@email.com,RJ,2026-08-06
749,Usuario_749,usuario_749@email.com,PR,2026-04-16
750,Usuario_750,usuario_750@email.com,RS,2026-07-25
751,Usuario_751,usuario_751@email.com,SC,2025-12-29
752,Usuario_752,usuario_752@email.com,RS,2025-12-12
753,Usuario_753,usuario_753@email.com,PR,2025-12-19
754,Usuario_754,usuario_754@email.com,GO,2026-08-26
755,Usuario_755,usuario_755@email.com,BA,2025-10-11
756,Usuario_756,usuario_756@email.com,PE,2026-03-26
757,Usuario_757,usuario_757@email.com,CE,2025-11-02
758,Usuario_758,usuario_758@email.com,CE,2026-07-09
759,Usuario_759,usuario_759@email.com,BA,2025-11-13
760,Usuario_760,usuario_760@email.com,SC,2026-03-06
761,Usuario_761,usuario_761@email.com,CE,2026-06-28
762,Usuario_762,usuario_762@email.com,BA,2026-06-23
763,Usuario_763,usuario_763@email.com,BA,2026-06-14
764,Usuario_764,usuario_764@email.com,PE,2025-09-25
765,Usuario_765,usuario_765@email.com,PR,2025-10-30
766,Usuario_766,usuario_766@email.com,PR,2026-06-22
767,Usuario_767,usuario_767@email.com,PR,2026-02-02
768,Usuario_768,usuario_768@email.com,RS,2026-08-23
769,Usuario_769,usuario_769@email.com,RJ,2026-02-16
770,Usuario_770,usuario_770@email.com,RS,2026-03-12
771,Usuario_771,usuario_771@email.com,BA,2025-10-03
772,Usuario_772,usuario_772@email.com,RJ,2026-05-16
773,Usuario_773,usuario_773@email.com,CE,2026-01-30
774,Usuario_774,usuario_774@email.com,MG,2025-11-06
775,Usuario_775,usuario_775@email.com,RS,2026-04-22
776,Usuario_776,usuario_776@email.com,RS,2026-01-28
777,Usuario_777,usuario_777@email.com,PE,2026-05-18
778,Usuario_778,usuario_778@email.com,PR,2025-12-15
779,Usuario_779,usuario_779@email.com,GO,2026-05-15
780,Usuario_780,usuario_780@email.com,CE,2026-04-09
781,Usuario_781,usuario_781@email.com,GO,2026-01-17
782,Usuario_782,usuario_782@email.com,PR,2026-06-07
783,Usuario_783,usuario_783@email.com,RJ,2026-03-10
784,Usuario_784,usuario_784@email.com,RS,2025-10-02
785,Usuario_785,usuario_785@email.com,PR,2025-11-26
786,Usuario_786,usuario_786@email.com,RS,2026-02-01
787,Usuario_787,usuario_787@email.com,BA,2026-01-21
788,Usuario_788,usuario_788@email.com,MG,2026-04-23
789,Usuario_789,usuario_789@email.com,PR,2026-03-03
790,Usuario_790,usuario_790@email.com,SP,2025-12-31
791,Usuario_791,usuario_791@email.com,CE,2025-12-18
792,Usuario_792,usuario_792@email.com,MG,2026-02-12
793,Usuario_793,usuario_793@email.com,PR,2026-06-24
794,Usuario_794,usuario_794@email.com,SP,2026-06-04
795,Usuario_795,usuario_795@email.com,SP,2025-11-09
796,Usuario_796,usuario_796@email.com,CE,2026-07-06
797,Usuario_797,usuario_797@email.com,PR,2026-05-09
798,Usuario_798,usuario_798@email.com,MG,2026-08-19
799,Usuario_799,usuario_799@email.com,PE,2025-10-21
800,Usuario_800,usuario_800@email.com,RJ,2026-01-11
801,Usuario_801,usuario_801@email.com,SP,2026-03-08
802,Usuario_802,usuario_802@email.com,GO,2025-12-05
803,Usuario_803,usuario_803@email.com,PR,2026-07-24
804,Usuario_804,usuario_804@email.com,PE,2025-09-15
805,Usuario_805,usuario_805@email.com,PE,2025-12-24
806,Usuario_806,usuario_806@email.com,PE,2026-07-13
807,Usuario_807,usuario_807@email.com,BA,2026-04-22
808,Usuario_808,usuario_808@email.com,MG,2026-08-03
809,Usuario_809,usuario_809@email.com,SP,2026-06-24
810,Usuario_810,usuario_810@email.com,PR,2026-04-28
811,Usuario_811,usuario_811@email.com,PE,2026-01-27
812,Usuario_812,usuario_812@email.com,RJ,2025-12-26
813,Usuario_813,usuario_813@email.com,RJ,2026-07-01
814,Usuario_814,usuario_814@email.com,SC,2026-02-03
815,Usuario_815,usuario_815@email.com,PE,2026-07-30
816,Usuario_816,usuario_816@email.com,RJ,2026-05-24
817,Usuario_817,usuario_817@email.com,GO,2026-01-27
818,Usuario_818,usuario_818@email.com,SP,2026-03-20
819,Usuario_819,usuario_819@email.com,MG,2026-09-01
820,Usuario_820,usuario_820@email.com,MG,2026-02-14
821,Usuario_821,usuario_821@email.com,GO,2026-08-18
822,Usuario_822,usuario_822@email.com,PR,2026-02-24
823,Usuario_823,usuario_823@email.com,RJ,2025-12-31
824,Usuario_824,usuario_824@email.com,RS,2026-03-07
825,Usuario_825,usuario_825@email.com,RJ,2026-05-17
826,Usuario_826,usuario_826@email.com,CE,2026-03-01
827,Usuario_827,usuario_827@email.com,SC,2026-08-04
828,Usuario_828,usuario_828@email.com,GO,2026-03-07
829,Usuario_829,usuario_829@email.com,GO,2026-05-23
830,Usuario_830,usuario_830@email.com,GO,2026-08-31
831,Usuario_831,usuario_831@email.com,RS,2026-04-04
832,Usuario_832,usuario_832@email.com,CE,2026-07-26
833,Usuario_833,usuario_833@email.com,SC,2025-09-14
834,Usuario_834,usuario_834@email.com,PE,2025-10-17
835,Usuario_835,usuario_835@email.com,PE,2026-03-27
836,Usuario_836,usuario_836@email.com,PR,2026-07-02
837,Usuario_837,usuario_837@email.com,GO,2026-07-06
838,Usuario_838,usuario_838@email.com,SC,2026-08-26
839,Usuario_839,usuario_839@email.com,PR,2026-04-21
840,Usuario_840,usuario_840@email.com,GO,2026-01-16
841,Usuario_841,usuario_841@email.com,GO,2025-09-23
842,Usuario_842,usuario_842@email.com,SP,2026-07-05
843,Usuario_843,usuario_843@email.com,GO,2025-09-18
844,Usuario_844,usuario_844@email.com,RJ,2026-01-17
845,Usuario_845,usuario_845@email.com,RS,2026-01-28
846,Usuario_846,usuario_846@email.com,RS,2025-11-03
847,Usuario_847,usuario_847@email.com,PR,2026-09-12
848,Usuario_848,usuario_848@email.com,RJ,2026-08-05
849,Usuario_849,usuario_849@email.com,MG,2026-09-05
850,Usuario_850,usuario_850@email.com,RS,2026-05-06
851,Usuario_851,usuario_851@email.com,MG,2026-05-27
852,Usuario_852,usuario_852@email.com,CE,2026-06-30
853,Usuario_853,usuario_853@email.com,RJ,2025-12-08
854,Usuario_854,usuario_854@email.com,MG,2025-11-07
855,Usuario_855,usuario_855@email.com,SP,2025-12-18
856,Usuario_856,usuario_856@email.com,SC,2026-02-10
857,Usuario_857,usuario_857@email.com,PE,2026-07-20
858,Usuario_858,usuario_858@email.com,GO,2026-04-20
859,Usuario_859,usuario_859@email.com,PE,2026-05-16
860,Usuario_860,usuario_860@email.com,PR,2026-04-13
861,Usuario_861,usuario_861@email.com,SP,2026-07-14
862,Usuario_862,usuario_862@email.com,RS,2026-08-21
863,Usuario_863,usuario_863@email.com,PR,2026-05-15
864,Usuario_864,usuario_864@email.com,PR,2026-02-12
865,Usuario_865,usuario_865@email.com,PE,2025-10-22
866,Usuario_866,usuario_866@email.com,RJ,2025-10-31
867,Usuario_867,usuario_867@email.com,RS,2026-01-23
868,Usuario_868,usuario_868@email.com,PR,2026-08-13
869,Usuario_869,usuario_869@email.com,GO,2026-07-20
870,Usuario_870,usuario_870@email.com,RS,2026-01-02
871,Usuario_871,usuario_871@email.com,SC,2025-11-13
872,Usuario_872,usuario_872@email.com,RJ,2025-12-14
873,Usuario_873,usuario_873@email.com,CE,2026-09-06
874,Usuario_874,usuario_874@email.com,RS,2025-10-26
875,Usuario_875,usuario_875@email.com,MG,2025-12-25
876,Usuario_876,usuario_876@email.com,PR,2025-11-24
877,Usuario_877,usuario_877@email.com,MG,2026-05-14
878,Usuario_878,usuario_878@email.com,RJ,2026-07-03
879,Usuario_879,usuario_879@email.com,SP,2026-04-18
880,Usuario_880,usuario_880@email.com,MG,2026-02-07
881,Usuario_881,usuario_881@email.com,PR,2026-09-14
882,Usuario_882,usuario_882@email.com,GO,2025-11-04
883,Usuario_883,usuario_883@email.com,GO,2026-03-18
884,Usuario_884,usuario_884@email.com,PR,2026-05-14
885,Usuario_885,usuario_885@email.com,PE,2025-11-26
886,Usuario_886,usuario_886@email.com,RJ,2026-02-13
887,Usuario_887,usuario_887@email.com,PE,2026-06-11
888,Usuario_888,usuario_888@email.com,PR,2025-10-09
889,Usuario_889,usuario_889@email.com,SC,2025-10-07
890,Usuario_890,usuario_890@email.com,PR,2026-08-02
891,Usuario_891,usuario_891@email.com,CE,2025-12-20
892,Usuario_892,usuario_892@email.com,CE,2026-03-14
893,Usuario_893,usuario_893@email.com,PE,2026-08-11
894,Usuario_894,usuario_894@email.com,PE,2025-12-19
895,Usuario_895,usuario_895@email.com,RJ,2025-12-10
896,Usuario_896,usuario_896@email.com,GO,2025-12-29
897,Usuario_897,usuario_897@email.com,SP,2025-12-29
898,Usuario_898,usuario_898@email.com,SC,2025-12-05
899,Usuario_899,usuario_899@email.com,BA,2026-09-04
900,Usuario_900,usuario_900@email.com,GO,2026-02-27
901,Usuario_901,usuario_901@email.com,PR,2026-01-17
902,Usuario_902,usuario_902@email.com,SP,2026-08-23
903,Usuario_903,usuario_903@email.com,RJ,2025-10-24
904,Usuario_904,usuario_904@email.com,RS,2026-02-28
905,Usuario_905,usuario_905@email.com,GO,2026-03-07
906,Usuario_906,usuario_906@email.com,GO,2026-05-08
907,Usuario_907,usuario_907@email.com,SP,2026-09-06
908,Usuario_908,usuario_908@email.com,PR,2026-03-16
909,Usuario_909,usuario_909@email.com,GO,2026-08-11
910,Usuario_910,usuario_910@email.com,SP,2026-03-22
911,Usuario_911,usuario_911@email.com,MG,2026-05-14
912,Usuario_912,usuario_912@email.com,PE,2025-10-13
913,Usuario_913,usuario_913@email.com,CE,2025-10-28
914,Usuario_914,usuario_914@email.com,PE,2026-07-23
915,Usuario_915,usuario_915@email.com,PR,2025-11-21
916,Usuario_916,usuario_916@email.com,MG,2026-03-28
917,Usuario_917,usuario_917@email.com,GO,2026-07-08
918,Usuario_918,usuario_918@email.com,SC,2026-08-23
919,Usuario_919,usuario_919@email.com,PE,2026-03-18
920,Usuario_920,usuario_920@email.com,RJ,2025-12-09
921,Usuario_921,usuario_921@email.com,PE,2026-03-25
922,Usuario_922,usuario_922@email.com,BA,2025-10-20
923,Usuario_923,usuario_923@email.com,SC,2026-06-17
924,Usuario_924,usuario_924@email.com,BA,2025-09-29
925,Usuario_925,usuario_925@email.com,BA,2026-01-20
926,Usuario_926,usuario_926@email.com,RJ,2025-09-23
927,Usuario_927,usuario_927@email.com,MG,2026-01-12
928,Usuario_928,usuario_928@email.com,BA,2025-10-26
929,Usuario_929,usuario_929@email.com,SC,2026-06-13
930,Usuario_930,usuario_930@email.com,PE,2026-07-07
931,Usuario_931,usuario_931@email.com,PR,2026-08-13
932,Usuario_932,usuario_932@email.com,SC,2026-01-23
933,Usuario_933,usuario_933@email.com,CE,2026-08-27
934,Usuario_934,usuario_934@email.com,SP,2026-04-17
935,Usuario_935,usuario_935@email.com,PE,2026-06-03
936,Usuario_936,usuario_936@email.com,RJ,2026-08-23
937,Usuario_937,usuario_937@email.com,BA,2026-06-04
938,Usuario_938,usuario_938@email.com,PR,2026-08-24
939,Usuario_939,usuario_939@email.com,BA,2026-04-06
940,Usuario_940,usuario_940@email.com,RJ,2026-04-09
941,Usuario_941,usuario_941@email.com,SC,2025-12-25
942,Usuario_942,usuario_942@email.com,CE,2026-02-23
943,Usuario_943,usuario_943@email.com,SP,2025-12-10
944,Usuario_944,usuario_944@email.com,CE,2026-01-15
945,Usuario_945,usuario_945@email.com,PE,2026-05-08
946,Usuario_946,usuario_946@email.com,SC,2026-08-27
947,Usuario_947,usuario_947@email.com,SP,2025-10-18
948,Usuario_948,usuario_948@email.com,RS,2026-06-09
949,Usuario_949,usuario_949@email.com,CE,2026-04-21
950,Usuario_950,usuario_950@email.com,BA,2026-03-16
951,Usuario_951,usuario_951@email.com,GO,2026-08-21
952,Usuario_952,usuario_952@email.com,PE,2025-10-14
953,Usuario_953,usuario_953@email.com,PE,2026-03-29
954,Usuario_954,usuario_954@email.com,SP,2026-04-28
955,Usuario_955,usuario_955@email.com,RS,2026-07-13
956,Usuario_956,usuario_956@email.com,PR,2026-03-10
957,Usuario_957,usuario_957@email.com,CE,2026-02-03
958,Usuario_958,usuario_958@email.com,MG,2026-02-22
959,Usuario_959,usuario_959@email.com,PR,2026-02-01
960,Usuario_960,usuario_960@email.com,PE,2026-03-01
961,Usuario_961,usuario_961@email.com,PE,2026-03-25
962,Usuario_962,usuario_962@email.com,RJ,2026-06-11
963,Usuario_963,usuario_963@email.com,SP,2026-01-03
964,Usuario_964,usuario_964@email.com,GO,2025-09-25
965,Usuario_965,usuario_965@email.com,RS,2026-01-03
966,Usuario_966,usuario_966@email.com,MG,2026-03-10
967,Usuario_967,usuario_967@email.com,PR,2025-12-23
968,Usuario_968,usuario_968@email.com,CE,2026-05-01
969,Usuario_969,usuario_969@email.com,SP,2026-08-03
970,Usuario_970,usuario_970@email.com,CE,2026-02-09
971,Usuario_971,usuario_971@email.com,SC,2026-08-05
972,Usuario_972,usuario_972@email.com,RJ,2026-02-06
973,Usuario_973,usuario_973@email.com,RS,2025-11-10
974,Usuario_974,usuario_974@email.com,RJ,2026-06-14
975,Usuario_975,usuario_975@email.com,PE,2025-12-09
976,Usuario_976,usuario_976@email.com,RJ,2026-04-17
977,Usuario_977,usuario_977@email.com,MG,2026-04-03
978,Usuario_978,usuario_978@email.com,PE,2026-07-24
979,Usuario_979,usuario_979@email.com,PR,2026-08-05
980,Usuario_980,usuario_980@email.com,CE,2026-03-31
981,Usuario_981,usuario_981@email.com,PR,2025-10-11
982,Usuario_982,usuario_982@email.com,SC,2026-04-16
983,Usuario_983,usuario_983@email.com,PE,2026-04-11
984,Usuario_984,usuario_984@email.com,PE,2026-01-29
985,Usuario_985,usuario_985@email.com,RS,2025-11-10
986,Usuario_986,usuario_986@email.com,PE,2026-02-08
987,Usuario_987,usuario_987@email.com,CE,2026-06-21
988,Usuario_988,usuario_988@email.com,MG,2025-09-26
989,Usuario_989,usuario_989@email.com,SC,2026-01-30
990,Usuario_990,usuario_990@email.com,RS,2026-03-19
991,Usuario_991,usuario_991@email.com,GO,2026-01-29
992,Usuario_992,usuario_992@email.com,CE,2026-08-24
993,Usuario_993,usuario_993@email.com,MG,2026-03-18
994,Usuario_994,usuario_994@email.com,RJ,2025-11-04
995,Usuario_995,usuario_995@email.com,PR,2026-02-04
996,Usuario_996,usuario_996@email.com,SC,2026-04-27
997,Usuario_997,usuario_997@email.com,BA,2025-10-22
998,Usuario_998,usuario_998@email.com,CE,2026-08-16
999,Usuario_999,usuario_999@email.com,PR,2026-08-07
1000,Usuario_1000,usuario_1000@email.com,SP,2025-10-06
